Empresa,Ticker,Cotação,EV/EBIT,Margem EBIT,Volume Diário,Situação
ALLIAR MEDICINA DIAGNÓSTICA,AALR3,10.79,73.63,2.55,8940881.26,[]
AMBEV,ABEV3,17.45,15.42,27.05,330163731.89,[]
AERIS IND. E COM. DE EQUIP. GERACAO DE ENERGIA S.A,AERI3,8.4,31.34,8.71,32797021.29,[]
AES BRASIL ENERGIA S.A.,AESB3,14.67,-,-,16942908.92,[]
AFLUENTE,AFLT3,9.66,29.29,54.72,23363.11,[]
BRASILAGRO,AGRO3,30.68,9.55,34.26,38640356.18,[]
SÃO PAULO TURISMO,AHEB3,20.89,-5.07,-17.42,24033.89,[]
SÃO PAULO TURISMO,AHEB5,19.0,-5.07,-17.42,8922.5,[]
SÃO PAULO TURISMO,AHEB6,30.0,-5.07,-17.42,7733.33,[]
ALLIED TECNOLOGIA S.A.,ALLD3,18.08,19.11,4.78,1794216.03,[]
ALPARGATAS,ALPA3,39.1,51.72,13.11,168061.34,[]
ALPARGATAS,ALPA4,44.53,51.72,13.11,73908498.66,[]
ALLPARK EMPREENDIMENTOS PARTICIPACOES SERVICOS S.A,ALPK3,8.3,-107.89,-4.96,392156.71,[]
ALIANSCSONAE,ALSO3,29.3,36.17,30.24,41551901.08,[]
ALUPAR,ALUP11,27.5,4.02,58.47,0.0,[]
ALUPAR,ALUP3,9.01,4.02,58.47,212162.61,[]
ALUPAR,ALUP4,9.35,4.02,58.47,261769.79,[]
LOJAS MARISA,AMAR3,6.58,-12.16,-12.13,43812966.03,[]
AMBIPAR PARTICIPACOES E EMPREENDIMENTOS S/A,AMBP3,30.2,21.47,18.24,11744673.89,[]
ANIMA,ANIM3,11.98,26.07,12.99,24013128.45,[]
ALPER,APER3,50.61,-185.92,-2.85,5766616.58,[]
AREZZO&CO,ARZZ3,86.1,178.23,3.96,55523373.47,[]
SENDAS DISTRIBUIDORA S.A.,ASAI3,88.77,35.39,4.68,127239725.79,[]
ATMA SA,ATMP3,9.45,-4.97,-10.47,1982053.32,[]
ATOM EMPREENDIMENTOS,ATOM3,8.35,12.44,35.35,5058161.61,[]
ALPHAVILLE S.A.,AVLL3,25.9,-4.74,-102.43,204852.24,[]
AZEVEDO E TRAVASSOS,AZEV3,7.09,0.82,8.092.30,1202403.97,[]
AZEVEDO E TRAVASSOS,AZEV4,5.99,0.82,8.092.30,2270534.18,[]
AZUL,AZUL4,46.6,-35.66,-37.84,251824594.42,[]
B3,B3SA3,17.11,15.96,61.43,615197941.89,[]
BAHEMA,BAHI3,73.7,-11.14,-4.94,58814.36,[]
BAUMER,BALM3,18.05,7.58,11.93,59852.61,[]
BAUMER,BALM4,15.81,7.58,11.93,73518.25,[]
EXCELSIOR ALIMENTOS,BAUH4,87.0,20.28,11.40,69054.07,[]
BRASIL BROKERS,BBRK3,1.78,-0.88,-118.42,2764273.63,[]
BARDELLA,BDLL3,10.61,-4.39,-353.49,161825.92,[]
BARDELLA,BDLL4,10.09,-4.39,-353.49,128315.82,[]
MINERVA,BEEF3,9.81,5.71,8.97,109138240.29,[]
BIOMM,BIOM3,16.13,-20.37,-92.41,339956.84,[]
BK BRASIL,BKBR3,10.29,-6.88,-20.55,27380103.87,[]
BLAU FARMACÊUTICA S.A.,BLAU3,43.15,43.38,35.08,18708111.15,[]
BICICLETAS MONARK,BMKS3,249.95,-16.41,8.31,25448.35,[]
BEMOBI MOBILE TECH S.A.,BMOB3,23.0,13.90,38.18,23661059.0,[]
BOA VISTA SERVIÇOS S.A.,BOAS3,10.62,74.78,11.91,12152237.74,[]
BOMBRIL,BOBR4,2.35,7.93,6.49,417085.61,[]
BRADESPAR,BRAP3,60.34,7.00,-,3193836.13,[]
BRADESPAR,BRAP4,69.2,7.00,-,179697718.47,[]
PETROBRAS DISTRIBUIDORA,BRDT3,25.44,7.20,5.72,203694586.76,[]
BRF,BRFS3,25.56,12.27,7.10,264886212.87,[]
BRASKEM,BRKM3,51.15,10.61,9.17,1568799.53,[]
BRASKEM,BRKM5,51.66,10.61,9.17,206533156.76,[]
BRASKEM,BRKM6,42.0,10.61,9.17,22639.59,[]
BR MALLS,BRML3,10.97,-34.00,-40.70,167380918.39,[]
BR PROPERTIES,BRPR3,9.43,18.64,108.20,14027701.08,[]
BIOSEV,BSEV3,9.0,10.39,14.14,1546800.9,[]
B2W DIGITAL,BTOW3,57.9,236.44,1.12,246117209.76,[]
BATTISTELLA,BTTL3,19.41,10.16,6.52,340995.05,[]
CAMBUCI,CAMB3,5.12,24.76,7.73,603944.0,[]
CAMIL,CAML3,9.84,7.86,8.33,15461295.71,[]
CSU CARDSYSTEM,CARD3,24.27,14.04,16.35,10326823.55,[]
MÉLIUZ S.A.,CASH3,37.47,189.27,16.35,107842120.26,[]
AMPLA ENERGIA E SERVICOS,CBEE3,23.45,32.42,3.90,188568.53,[]
CYRELA COMMERCIAL PROPERT,CCPR3,12.15,12.55,48.94,5753609.05,[]
CCR,CCRO3,13.85,14.08,26.87,162526264.39,[]
CEA MODAS,CEAB3,13.83,-15.68,-7.30,30481194.47,[]
CEB,CEBR3,193.49,0.16,-549.92,734333.35,[]
CEB,CEBR5,198.0,0.16,-549.92,109548.5,[]
CEB,CEBR6,198.0,0.16,-549.92,325204.41,[]
CEDRO TÊXTIL,CEDO3,10.18,32.53,1.33,40493.8,[]
CEDRO TÊXTIL,CEDO4,6.2,32.53,1.33,280817.13,[]
COELBA,CEEB3,40.0,11.06,16.01,109224.58,[]
CEEE-D,CEED3,58.1,-2.68,-15.81,45856.56,[]
CEEE-D,CEED4,54.45,-2.68,-15.81,11655.5,[]
CEG,CEGR3,60.1,28.28,18.62,31096.0,[]
CELPE,CEPE5,27.9,22.50,8.41,52244.54,[]
CELPE,CEPE6,28.5,22.50,8.41,19312.4,[]
CESP,CESP3,28.3,10.07,47.26,321677.11,[]
CESP,CESP5,37.1,10.07,47.26,48228.08,[]
CESP,CESP6,25.24,10.07,47.26,54412771.63,[]
COMGAS,CGAS3,150.0,13.10,22.78,33622.05,[]
COMGAS,CGAS5,160.0,13.10,22.78,303778.16,[]
GRAZZIOTIN,CGRA3,33.7,6.10,18.83,39923.32,[]
GRAZZIOTIN,CGRA4,33.7,6.10,18.83,521484.03,[]
CIELO,CIEL3,4.17,-174.32,-0.58,103831521.53,[]
CELESC,CLSC3,70.02,4.87,8.09,67199.0,[]
CELESC,CLSC4,68.71,4.87,8.09,427446.16,[]
CEMIG,CMIG3,16.22,5.82,21.87,9840660.24,[]
CEMIG,CMIG4,13.48,5.82,21.87,121687103.03,[]
CSN MINERAÇÃO S.A.,CMIN3,9.03,5.12,51.90,119746822.45,[]
COELCE,COCE3,4.05,7.77,6.40,15393.5,[]
COELCE,COCE5,56.9,7.77,6.40,1056163.92,[]
COGNA ON,COGN3,4.05,-4.09,-70.58,164255192.47,[]
CPFL ENERGIA,CPFE3,29.25,8.85,16.88,65169685.53,[]
COPEL,CPLE11,30.4,5.27,22.77,0.0,[]
COPEL,CPLE3,5.69,5.27,22.77,11441054.79,[]
COPEL,CPLE6,6.21,5.27,22.77,69471365.71,[]
CR2,CRDE3,24.97,-2.74,-749.69,17870.03,[]
ATACADÃO,CRFB3,21.42,10.25,6.80,82843049.79,[]
TRONOX PIGMENTOS DO BRASIL S.A.,CRPG3,62.03,8.25,23.70,16774.71,[]
TRONOX PIGMENTOS DO BRASIL S.A.,CRPG5,70.8,8.25,23.70,922783.84,[]
TRONOX PIGMENTOS DO BRASIL S.A.,CRPG6,66.89,8.25,23.70,294351.24,[]
COSAN,CSAN3,21.87,26.42,18.70,172001061.71,[]
CRUZEIRO DO SUL EDUCACIONAL S.A.,CSED3,13.56,24.91,11.64,4504677.84,[]
COPASA,CSMG3,17.51,7.09,24.20,37317463.32,[]
CIA SIDERURGICA NACIONAL,CSNA3,44.45,6.07,34.92,572421122.03,[]
COSERN,CSRN3,16.2,8.64,17.01,52295.97,[]
COSERN,CSRN5,17.49,8.64,17.01,15879.0,[]
COSERN,CSRN6,16.2,8.64,17.01,19373.57,[]
KARSTEN,CTKA3,30.76,8.42,20.24,32879.77,[]
KARSTEN,CTKA4,27.32,8.42,20.24,139911.3,[]
COTEMINAS,CTNM3,11.12,11.14,6.63,9501.41,[]
COTEMINAS,CTNM4,6.12,11.14,6.63,209893.84,[]
SANTANENSE,CTSA3,2.52,28.28,3.61,121846.76,[]
SANTANENSE,CTSA4,2.05,28.28,3.61,92054.79,[]
CURY CONSTRUTORA E INCORPORADORA S.A.,CURY3,9.08,64.16,34.37,11715595.34,[]
CVC BRASIL,CVCB3,24.37,-7.47,-181.31,140922024.37,[]
CYRELA,CYRE3,23.19,4.27,58.05,134765737.26,[]
DASA,DASA3,57.65,176.91,2.55,22546120.32,[]
DIRECIONAL ENGENHARIA,DIRR3,12.87,8.24,15.49,19080474.58,[]
DOMMO ENERGIA,DMMO3,0.87,2.21,41.09,6895029.18,[]
D1000 VAREJO FARMA PARTICIPAÇÕES S.A.,DMVF3,9.3,6.145.72,0.01,2493225.71,[]
DOHLER,DOHL3,28.75,18.44,15.62,17180.92,[]
DOHLER,DOHL4,6.3,18.44,15.62,184689.97,[]
DTCOM,DTCY3,9.73,-262.72,-4.06,98370.92,[]
DURATEX,DTEX3,21.26,19.84,12.88,49133339.76,[]
ELECTRO ACO ALTONA,EALT3,15.05,8.41,12.86,38435.82,[]
ELECTRO ACO ALTONA,EALT4,6.18,8.41,12.86,485935.89,[]
ECORODOVIAS,ECOR3,12.39,15.81,21.84,53728600.95,[]
CEEE-GT,EEEL3,520.0,8.81,42.80,76000.0,[]
CEEE-GT,EEEL4,592.63,8.81,42.80,60000.0,[]
ENGIE BRASIL,EGIE3,40.66,7.89,46.31,61969363.76,[]
ELEKTRO,EKTR3,33.05,8.73,14.52,7753.86,[]
ELEKTRO,EKTR4,25.06,8.73,14.52,73973.93,[]
ELETROBRAS,ELET3,43.02,9.97,31.95,263870506.68,[]
ELETROBRAS,ELET5,64.0,9.97,31.95,51404.58,[]
ELETROBRAS,ELET6,42.93,9.97,31.95,115100285.21,[]
ELETROMIDIA S.A.,ELMD3,18.25,-23.93,-47.08,3960940.61,[]
EMAE - EMPRESA METROP.AGUAS ENERGIA,EMAE4,86.0,12.09,36.45,436542.32,[]
EMBRAER,EMBR3,16.85,-12.57,-8.38,173104109.16,[]
ENAUTA PARTICIPAÇÕES,ENAT3,15.61,10.18,36.62,28892309.24,[]
EDP Brasil,ENBR3,19.03,5.72,20.92,66090544.61,[]
ENEVA,ENEV3,17.25,24.51,33.93,107152876.71,[]
ENERGISA,ENGI11,46.21,9.97,15.04,0.526,[]
ENERGISA,ENGI3,17.47,9.97,15.04,294461.13,[]
ENERGISA,ENGI4,7.27,9.97,15.04,354958.79,[]
ENJOEI.COM.BR ATIVIDADES DE INTERNET S.A.,ENJU3,10.45,-25.00,-71.60,23696041.24,[]
ENERGISA MATO GROSSO,ENMT3,57.5,13.02,22.34,75850.82,[]
ENERGISA MATO GROSSO,ENMT4,58.5,13.02,22.34,41257.65,[]
EQUATORIAL PARA DISTRIBUIDORA DE ENERGIA S.A.,EQPA3,4.77,10.19,19.46,276542.18,[]
EQUATORIAL PARA DISTRIBUIDORA DE ENERGIA S.A.,EQPA5,5.56,10.19,19.46,25618.88,[]
EQUATORIAL PARA DISTRIBUIDORA DE ENERGIA S.A.,EQPA6,10.48,10.19,19.46,1068.0,[]
EQUATORIAL PARA DISTRIBUIDORA DE ENERGIA S.A.,EQPA7,5.38,10.19,19.46,19962.83,[]
EQUATORIAL ENERGIA,EQTL3,25.52,7.77,26.03,169999561.18,[]
MPM CORPÓREOS S.A.,ESPA3,17.7,50.61,16.41,20416067.74,[]
ESTRELA,ESTR4,36.01,5.53,9.71,55122.4,[]
ETERNIT,ETER3,33.9,5.82,32.79,86472686.0,['RECUPERAÇÃO JUDICIAL']
EUCATEX,EUCA3,22.49,7.59,12.10,295772.5,[]
EUCATEX,EUCA4,10.9,7.59,12.10,4652051.55,[]
EVEN CONSTRUTORA E INCORPORADORA,EVEN3,10.11,3.34,17.09,14742444.29,[]
EZ TEC,EZTC3,30.25,22.77,28.91,73847484.55,[]
FERBASA,FESA3,57.42,11.12,20.50,70553.25,[]
FERBASA,FESA4,36.61,11.12,20.50,18342222.82,[]
FERTILIZANTES HERINGER,FHER3,22.7,4.88,9.95,31546998.26,['RECUPERAÇÃO JUDICIAL']
FLEURY,FLRY3,26.63,17.74,18.04,47250520.55,[]
FRAS-LE,FRAS3,11.28,9.41,16.16,3069303.39,[]
METALFRIO SOLUTIONS,FRIO3,70.99,16.69,4.39,141813.43,[]
POMIFRUTAS,FRTA3,7.56,67.71,9.56,473880.53,['RECUPERAÇÃO JUDICIAL']
RIO PARANAPANEMA,GEPA3,36.61,3.60,95.97,12680.56,[]
RIO PARANAPANEMA,GEPA4,36.88,3.60,95.97,34819.11,[]
GAFISA,GFSA3,4.19,84.71,2.27,21267533.08,[]
GERDAU,GGBR3,27.37,7.68,16.26,4919408.47,[]
GERDAU,GGBR4,32.41,7.68,16.26,500583184.29,[]
GRUPO MATEUS S.A.,GMAT3,7.9,18.53,6.80,34770425.32,[]
NOTRE DAME INTERMEDICA,GNDI3,86.82,48.23,10.12,323549857.55,[]
METALURGICA GERDAU,GOAU3,13.72,3.00,16.23,1243955.61,[]
METALURGICA GERDAU,GOAU4,14.59,3.00,16.23,150364533.05,[]
GOL,GOLL4,27.47,-38.27,-52.17,163786397.84,[]
CELGPAR,GPAR3,58.5,18.26,109.84,17965.5,[]
GPC PARTICIPAÇÕES,GPCP3,37.71,5.89,19.28,7451631.5,[]
GPC PARTICIPAÇÕES,GPCP4,30.0,5.89,19.28,143545.72,[]
GRENDENE,GRND3,9.23,18.44,17.84,19683442.34,[]
GENERAL SHOPPING,GSHP3,44.24,119.81,16.85,78228.38,[]
GUARARAPES CONFECÇÕES,GUAR3,18.7,-101.81,-1.75,17125253.55,[]
HAGA S/A,HAGA3,3.55,3.48,27.46,87578.45,[]
HAGA S/A,HAGA4,2.84,3.48,27.46,809600.68,[]
HAPVIDA,HAPV3,15.73,49.81,13.71,166037693.42,[]
HELBOR,HBOR3,8.55,25.33,8.60,18284770.13,[]
HBR REALTY EMPREENDIMENTOS IMOBILIARIOS,HBRE3,15.78,31.16,78.41,2433450.03,[]
HIDROVIAS DO BRASIL S.A.,HBSA3,6.65,37.11,15.99,33559477.08,[]
HABITASUL,HBTS5,31.22,8.15,44.36,59431.05,[]
HERCULES,HETA4,9.81,-1.91,-10.956.88,77828.08,[]
CIA HERING,HGTX3,30.4,55.43,7.87,128918237.21,[]
HOTEIS OTHON S.A.,HOOT4,2.77,-0.37,-272.05,43680.11,['RECUPERAÇÃO JUDICIAL']
HYPERA,HYPE3,35.16,19.02,32.20,98880230.87,[]
IGB ELETRÔNICA,IGBR3,13.42,-27.65,-655.78,920418.84,['RECUPERAÇÃO JUDICIAL']
IGUATEMI EMPRESA DE SHOPPING CENTERS,IGTA3,43.36,26.57,52.11,95167299.26,[]
INEPAR,INEP3,53.98,-3.87,-4.232.60,1612199.95,['RECUPERAÇÃO JUDICIAL']
INEPAR,INEP4,58.0,-3.87,-4.232.60,2286517.05,['RECUPERAÇÃO JUDICIAL']
INTELBRAS S.A. IND DE TELEC ELETRONICA BRASILEIRA,INTB3,27.12,19.58,17.62,36979556.66,[]
JALLES MACHADO S.A.,JALL3,8.68,9.75,40.67,6071621.21,[]
JB DUARTE,JBDU3,3.7,-3.50,-,393142.74,[]
JB DUARTE,JBDU4,2.99,-3.50,-,690856.66,[]
JBS,JBSS3,30.4,5.84,7.91,430830208.66,[]
JHSF,JHSF3,7.52,5.81,69.99,40081925.11,[]
JOSAPAR,JOPA3,30.0,6.47,7.11,14527.29,[]
JOSAPAR,JOPA4,73.93,6.47,7.11,23537.5,[]
JEREISSATI,JPSA3,29.01,13.44,48.64,8346502.16,[]
JSL S.A.,JSLG3,10.68,20.30,17.87,4251191.66,[]
KEPLER WEBER,KEPL3,50.31,11.50,12.34,11051841.47,[]
KLABIN,KLBN11,25.94,15.59,25.45,1.075,[]
KLABIN,KLBN3,5.66,15.59,25.45,1637424.87,[]
KLABIN,KLBN4,5.1,15.59,25.45,8304873.45,[]
LOJAS AMERICANAS,LAME3,18.09,30.72,5.44,79655534.89,[]
LOJAS AMERICANAS,LAME4,19.36,30.72,5.44,255162971.08,[]
LAVVI EMPREENDIMENTOS IMOBILIÁRIOS S.A.,LAVV3,7.7,6.88,31.04,11925773.53,[]
LOCAMERICA,LCAM3,27.16,17.79,17.05,61488572.74,[]
MAHLE-METAL LEVE,LEVE3,27.08,11.29,11.29,17940585.61,[]
LIGHT,LIGT3,17.48,6.95,12.79,37111021.61,[]
LINX,LINX3,37.41,-159.34,-4.79,16894079.47,[]
ELETROPAR,LIPR3,71.0,35.27,-,91280.17,[]
LOJAS QUERO-QUERO S/A,LJQQ3,20.65,22.20,10.09,28215786.79,[]
RESTOQUE COMÉRCIO E CONFECÇÕES DE ROUPAS,LLIS3,3.96,-3.23,-102.79,2410153.5,[]
LOG COMMERCIAL PROPERTIES,LOGG3,29.5,9.61,254.89,10796209.95,[]
LOG-IN LOGÍSTICA INTERMODAL,LOGN3,18.61,13.78,17.68,17799672.26,[]
LOPES BRASIL,LPSB3,3.84,8.83,26.03,4543737.66,[]
LOJAS RENNER,LREN3,45.97,49.34,11.37,430567744.37,[]
LUPATECH,LUPA3,8.08,-517.86,-1.10,31632343.05,['RECUPERAÇÃO JUDICIAL']
TREVISA,LUXM4,73.91,14.19,14.34,50140.79,[]
LOCAWEB SERVIÇOS DE INTERNET S.A.,LWSA3,25.7,309.45,7.58,224156729.08,[]
CEMEPE,MAPT3,37.0,-231.32,-,14800.0,[]
CEMEPE,MAPT4,40.0,-231.32,-,23320.75,[]
Mobly S.A.,MBLY3,16.77,-35.37,-5.46,3796795.05,[]
M.DIAS BRANCO,MDIA3,27.52,18.47,7.44,42639222.76,[]
MOURA DUBEUX ENGENHARIA S/A,MDNE3,8.42,-14.44,-8.39,3342639.13,[]
INTERNATIONAL MEAL COMPANY,MEAL3,3.88,-2.33,-48.27,16425430.63,[]
MELNICK EVEN DESENVOLVIMENTO IMOBILIÁRIO S.A.,MELK3,6.15,10.74,10.28,4068315.21,[]
MANGELS INDUSTRIAL,MGEL4,16.94,8.14,16.06,239563.63,[]
MAGAZINE LUIZA,MGLU3,19.7,108.37,3.68,505954365.18,[]
MILLS,MILS3,7.75,58.68,5.78,18697425.71,[]
MMX MINERACAO E METALICOS,MMXM3,14.0,-719.57,-,7445352.24,['RECUPERAÇÃO JUDICIAL']
MUNDIAL,MNDL3,45.0,5.42,10.96,139544.87,[]
MINUPAR,MNPR3,15.22,2.86,14.58,899709.63,[]
MONTEIRO ARANHA,MOAR3,300.0,13.90,226.69,85430.37,[]
Mosaico Tecnologia ao Consumidor S.A.,MOSI3,19.92,38.46,21.49,28939682.5,[]
MOVIDA,MOVI3,17.58,16.80,17.39,37474398.18,[]
MARFRIG,MRFG3,18.5,3.84,11.56,179029386.55,[]
MRV ENGENHARIA E PARTICIPAÇÕES,MRVE3,17.46,16.65,10.76,66949386.71,[]
MELHORAMENTOS,MSPA3,48.0,-5.49,-65.25,13800.0,[]
METALGRAFICA IGUACU,MTIG4,54.12,30.10,2.72,40917.75,[]
MITRE REALTY EMPREENDIMENTOS E PARTICIPAÇÕES S.A.,MTRE3,11.61,14.30,8.85,10381735.92,[]
METISA,MTSA4,41.29,2.55,18.82,213312.39,[]
MULTIPLAN,MULT3,25.23,18.08,92.51,125588340.74,[]
WETZEL,MWET3,39.9,1.82,31.41,44949.25,['RECUPERAÇÃO JUDICIAL']
WETZEL,MWET4,13.57,1.82,31.41,336477.34,['RECUPERAÇÃO JUDICIAL']
IOCHPE MAXION,MYPK3,16.87,-141.09,-0.49,29503901.61,[]
NEOENERGIA,NEOE3,18.22,8.75,16.39,36755214.05,[]
NEOGRID PARTICIPACOES S.A.,NGRD3,6.74,37.65,16.52,20156874.05,[]
NORDON INDUSTRIAS METALURGICAS,NORD3,21.25,102.40,106.82,119329.91,[]
NATURA &CO HOLDING S.A.,NTCO3,51.29,54.77,3.67,288345367.39,[]
NUTRIPLANT INDUSTRIA E COMERCIO S.A.,NUTR3,240.0,6.72,6.76,218161.73,[]
ODONTOPREV,ODPV3,12.66,10.40,32.09,14698196.97,[]
OURO FINO SAÚDE ANIMAL,OFSA3,36.3,17.55,15.28,1540194.11,[]
OI,OIBR3,1.53,-18.58,-27.40,144646290.37,['RECUPERAÇÃO JUDICIAL']
OI,OIBR4,2.21,-18.58,-27.40,6059295.71,['RECUPERAÇÃO JUDICIAL']
OMEGA GERAÇÃO,OMGE3,37.3,22.55,43.24,28014859.42,[]
OCEANPACT SERVICOS MARITIMOS S.A.,OPCT3,7.78,38.90,6.23,10727465.13,[]
ORIZON VALORIZACAO DE RESIDUOS S.A.,ORVR3,23.99,29.07,15.18,5632221.13,[]
OSX BRASIL,OSXB3,11.17,-7.78,-4.680.14,500898.79,[]
INSTITUTO HERMES PARDINI,PARD3,20.93,11.35,15.19,7267175.34,[]
PANATLANTICA,PATI3,94.0,6.64,15.29,46380.48,[]
PANATLANTICA,PATI4,120.0,6.64,15.29,45360.25,[]
CIA BRASILEIRA DE DISTRIBUIÇÃO,PCAR3,37.55,5.66,6.00,212925579.92,[]
PDG REALTY,PDGR3,6.94,-3.64,-130.63,1074539.97,['RECUPERAÇÃO JUDICIAL']
PADTEC HOLDING S.A.,PDTC3,7.44,34.06,10.49,3064303.37,[]
CIA PARTICIPAÇÕES ALIANCA DA BAHIA,PEAB3,66.3,0.87,739.71,79024.17,[]
CIA PARTICIPAÇÕES ALIANCA DA BAHIA,PEAB4,70.0,0.87,739.71,29001.43,[]
PETROLEO BRASILEIRO S.A. PETROBRAS,PETR3,25.45,5.18,45.61,458965975.58,[]
PETROLEO BRASILEIRO S.A. PETROBRAS,PETR4,26.07,5.18,45.61,1715383672.29,[]
PET CENTER COMERCIO E PARTICIPACOES S.A.,PETZ3,22.17,73.39,7.51,84321592.42,[]
PROFARMA,PFRM3,6.37,10.09,2.05,3093746.47,[]
EMPREENDIMENTOS PAGUE MENOS S.A.,PGMN3,11.75,17.31,4.69,12304741.74,[]
PLASCAR PARTICIPAÇÕES,PLAS3,14.98,-4.26,-18.61,331554.68,[]
PLANO & PLANO DESENVOLVIMENTO IMOBILIÁRIO S.A.,PLPL3,6.0,7.28,17.84,5475628.66,[]
PARANAPANEMA,PMAM3,15.34,-16.15,-5.35,16959860.16,[]
DIMED,PNVL3,19.92,37.76,3.09,17191075.03,[]
DIMED,PNVL4,19.89,37.76,3.09,302954.26,[]
MARCOPOLO,POMO3,2.57,40.16,2.58,594438.03,[]
MARCOPOLO,POMO4,2.78,40.16,2.58,13576024.45,[]
POSITIVO,POSI3,13.21,6.48,13.26,126613555.58,[]
FOCUS ENERGIA HOLDING PARTICIPAÇÕES S.A,POWE3,14.2,18.40,2.80,2534739.11,[]
PETRO RIO,PRIO3,18.82,14.10,48.67,362626464.47,[]
PRINER,PRNR3,7.95,-19.16,-6.01,2719662.24,[]
PORTOBELLO,PTBL3,14.4,16.92,10.80,54499375.55,[]
PETTENATI,PTNT3,14.25,10.89,7.77,803574.39,[]
PETTENATI,PTNT4,5.14,10.89,7.77,134499.13,[]
QUALICORP,QUAL3,28.95,13.18,32.26,81861461.39,[]
RAIA DROGASIL,RADL3,27.31,46.37,4.78,134696105.79,[]
RUMO,RAIL3,20.8,22.98,30.11,165788386.24,[]
Irani Papel e Embalagem S.A.,RANI3,7.4,9.78,18.84,21287308.24,[]
RANDON,RAPT3,12.28,5.27,20.38,272201.89,[]
RANDON,RAPT4,15.0,5.27,20.38,40684854.84,[]
RECRUSUL,RCSL3,7.48,205.39,3.60,16165663.97,[]
RECRUSUL,RCSL4,1.68,205.39,3.60,5329121.37,[]
RNI NEGÓCIOS IMOBILIÁRIOS,RDNI3,10.85,36.25,6.91,597307.97,[]
REDE D OR SÃO LUIZ S.A.,RDOR3,73.59,74.76,13.54,143623618.26,[]
REDE ENERGIA,REDE3,7.98,10.25,18.77,298028.29,[]
LOCALIZA,RENT3,63.31,26.47,20.13,310234671.53,[]
RENOVA,RNEW11,12.99,-56.49,-40.89,0.0,['RECUPERAÇÃO JUDICIAL']
RENOVA,RNEW3,4.77,-56.49,-40.89,102987.84,['RECUPERAÇÃO JUDICIAL']
RENOVA,RNEW4,4.19,-56.49,-40.89,176761.08,['RECUPERAÇÃO JUDICIAL']
INDÚSTRIAS ROMI,ROMI3,27.43,17.95,12.38,49262629.13,[]
REFINARIA DE PETROLEOS MANGUINHOS,RPMG3,4.54,-1.00,-20.06,1875043.97,['RECUPERAÇÃO JUDICIAL']
3R PETROLEUM ÓLEO E GÁS S.A,RRRP3,39.83,-47.48,-33.72,73498839.66,[]
ROSSI RESIDENCIAL,RSID3,10.44,-2.98,-320.37,1580256.95,[]
METALURGICA RIOSULENSE,RSUL4,255.0,0.94,28.53,642536.88,[]
SANEPAR,SAPR11,20.59,5.75,32.74,0.0,[]
SANEPAR,SAPR3,4.12,5.75,32.74,2773099.92,[]
SANEPAR,SAPR4,4.15,5.75,32.74,16413110.47,[]
CENTAURO,SBFG3,30.88,-84.80,-3.90,25237009.87,[]
SABESP,SBSP3,41.75,9.15,24.93,119129541.29,[]
SÃO CARLOS,SCAR3,40.61,15.00,64.47,587348.53,[]
SER EDUCACIONAL,SEER3,14.02,5.70,25.09,9213163.34,[]
SEQUOIA LOGISTICA E TRANSPORTES S.A,SEQL3,22.31,85.32,3.48,25621776.03,[]
SPRINGS,SGPS3,11.4,10.29,7.82,1552285.16,[]
TIME FOR FUN,SHOW3,5.2,-3.49,-778.33,5075114.97,[]
SCHULZ,SHUL4,10.38,8.40,14.02,5632291.58,[]
SIMPAR S.A.,SIMH3,49.4,15.23,14.96,25056488.58,[]
SLC AGRICOLA,SLCE3,48.32,9.06,25.03,72199885.08,[]
SARAIVA,SLED3,1.01,-0.85,-268.48,1003929.26,['RECUPERAÇÃO JUDICIAL']
SARAIVA,SLED4,0.55,-0.85,-268.48,1324445.74,['RECUPERAÇÃO JUDICIAL']
SMILES,SMLS3,22.68,11.36,34.48,20942218.21,[]
SÃO MARTINHO,SMTO3,32.95,10.72,35.23,33840595.74,[]
SANSUY,SNSY3,17.89,-6.51,-5.56,22897.43,[]
SANSUY,SNSY5,6.36,-6.51,-5.56,178115.21,[]
GRUPO DE MODA SOMA S.A.,SOMA3,13.59,-172.13,-2.87,47379130.82,[]
SONDOTECNICA,SOND3,40.2,4.19,29.16,13660.0,[]
SONDOTECNICA,SOND5,52.74,4.19,29.16,20370.91,[]
SONDOTECNICA,SOND6,49.48,4.19,29.16,16576.0,[]
SINQIA,SQIA3,22.63,118.75,5.62,11837540.08,[]
SANTOS BRASIL,STBP3,8.48,55.80,11.70,52715193.92,[]
SUZANO S.A.,SUZB3,62.19,14.13,33.06,452726884.37,[]
TAESA,TAEE11,39.6,5.47,92.32,0.391,[]
TAESA,TAEE3,13.22,5.47,92.32,1525798.18,[]
TAESA,TAEE4,13.2,5.47,92.32,3597484.08,[]
TAURUS ARMAS,TASA3,24.5,5.39,27.80,2357327.34,[]
TAURUS ARMAS,TASA4,24.92,5.39,27.80,54424108.24,[]
TECNOSOLO,TCNO3,2.47,-317.00,-,335850.61,['RECUPERAÇÃO JUDICIAL']
TECNOSOLO,TCNO4,2.07,-317.00,-,570270.53,['RECUPERAÇÃO JUDICIAL']
TECNISA,TCSA3,7.8,-8.26,-61.48,10803934.26,[]
TECHNOS,TECN3,2.15,61.96,1.32,7543807.76,[]
TEKA,TEKA3,49.0,149.42,2.48,17424.08,['RECUPERAÇÃO JUDICIAL']
TEKA,TEKA4,17.24,149.42,2.48,157637.55,['RECUPERAÇÃO JUDICIAL']
TELEBRAS,TELB3,74.5,-35.90,-36.52,55035.94,[]
TELEBRAS,TELB4,29.9,-35.90,-36.52,257942.32,[]
CONSTRUTORA TENDA,TEND3,24.19,8.72,11.89,25076106.45,[]
TERRA SANTA AGRO,TESA3,44.18,8.91,16.93,1682880.58,[]
TRACK & FIELD CO S.A.,TFCO4,12.42,247.18,17.33,1460529.37,[]
TEGMA GESTÃO LOGÍSTICA,TGMA3,22.56,13.45,11.29,10027028.32,[]
TIM,TIMS3,12.07,12.09,16.63,71746119.66,[]
TEKNO,TKNO4,59.0,5.52,15.14,14624.24,[]
TOTVS,TOTS3,32.96,42.00,15.98,128475943.21,[]
TPI - TRIUNFO PARTICIP. E INVEST. S.A.,TPIS3,3.31,11.98,20.06,22162215.55,[]
TRISUL,TRIS3,10.05,9.36,23.01,11262540.16,[]
ISA CTEEP,TRPL3,30.92,4.91,118.10,165537.68,[]
ISA CTEEP,TRPL4,27.02,4.91,118.10,36707816.58,[]
TUPY,TUPY3,24.73,16.79,5.65,36842237.32,[]
TÊXTIL RENAUXVIEW,TXRX3,34.0,22.80,14.19,19535.24,[]
TÊXTIL RENAUXVIEW,TXRX4,9.5,22.80,14.19,39421.5,[]
UNICASA,UCAS3,4.8,10.52,14.51,973897.16,[]
ULTRAPAR PARTICIPAÇÕES,UGPA3,19.24,18.41,2.23,110146130.74,[]
UNIPAR CARBOCLORO,UNIP3,77.0,6.00,27.88,3030185.55,[]
UNIPAR CARBOCLORO,UNIP5,85.0,6.00,27.88,103174.42,[]
UNIPAR CARBOCLORO,UNIP6,85.93,6.00,27.88,32150967.87,[]
USIMINAS,USIM3,20.56,5.61,24.81,9772477.66,[]
USIMINAS,USIM5,19.64,5.61,24.81,467218927.95,[]
USIMINAS,USIM6,27.99,5.61,24.81,20177.82,[]
VALE,VALE3,109.75,6.94,34.21,2715964037.61,[]
VAMOS LOCAÇÃO DE CAMINHÕES. MÁQUINAS E EQUIP.,VAMO3,50.0,30.95,24.23,24624998.89,[]
VIVARA,VIVA3,28.35,35.33,17.58,23405510.26,[]
VIVER INCORPORADORA E CONSTRUTORA ,VIVR3,2.41,-3.24,-234.87,14771933.32,['RECUPERAÇÃO JUDICIAL']
TELEFÔNICA BRASIL,VIVT3,44.09,12.64,14.76,91277648.34,[]
VALID,VLID3,9.61,-13.41,-6.19,7790868.16,[]
VULCABRAS,VULC3,8.96,44.87,4.18,5509264.97,[]
VIA VAREJO,VVAR3,12.5,17.09,5.38,467498264.42,[]
WEG,WEGE3,32.83,42.52,16.94,333465228.11,[]
WESTWING COMERCIO VAREJISTA S.A.,WEST3,8.25,-22.79,-8.73,5971662.37,[]
WHIRLPOOL,WHRL3,7.05,8.45,10.90,107572.68,[]
WHIRLPOOL,WHRL4,8.13,8.45,10.90,235192.92,[]
WIZ,WIZS3,11.4,4.46,40.75,39135010.18,[]
WLM INDÚSTRIA E COMÉRCIO,WLMM3,26.0,9.79,8.02,18138.76,[]
WLM INDÚSTRIA E COMÉRCIO,WLMM4,32.5,9.79,8.02,53113.97,[]
YDUQS,YDUQ3,30.95,47.03,6.74,74338615.42,[]
